sample_idx,true_label,initial_pred,adv_label,success,queries,l2_mag,note
0,0,0,2.0,True,75,900.308837890625,I-FGSM successful
2,0,0,9.0,True,55,663.5781860351562,I-FGSM successful
7,0,0,9.0,True,81,996.0075073242188,I-FGSM successful
16,0,0,5.0,True,59,693.6685180664062,I-FGSM successful
35,0,0,6.0,True,25,329.6710510253906,I-FGSM successful
44,0,0,5.0,True,43,526.7124633789062,I-FGSM successful
49,0,0,5.0,True,55,661.6607666015625,I-FGSM successful
58,0,0,3.0,True,67,835.4166870117188,I-FGSM successful
63,0,0,5.0,True,77,884.9847412109375,I-FGSM successful
67,0,0,2.0,True,49,610.5997314453125,I-FGSM successful
72,0,0,9.0,True,81,886.9351806640625,I-FGSM successful
73,0,0,9.0,True,95,1115.6854248046875,I-FGSM successful
75,0,0,8.0,True,77,950.2462768554688,I-FGSM successful
97,0,0,2.0,True,55,672.3778686523438,I-FGSM successful
112,0,0,9.0,True,77,831.0210571289062,I-FGSM successful
113,0,0,2.0,True,59,747.206787109375,I-FGSM successful
118,0,0,6.0,True,43,515.53271484375,I-FGSM successful
135,0,0,2.0,True,37,479.84686279296875,I-FGSM successful
155,0,0,2.0,True,145,1108.9932861328125,I-FGSM successful
174,0,0,9.0,True,37,447.64495849609375,I-FGSM successful
182,0,0,2.0,True,89,1087.9677734375,I-FGSM successful
186,0,0,9.0,True,65,724.9365234375,I-FGSM successful
187,0,0,6.0,True,15,218.6481170654297,I-FGSM successful
196,0,0,6.0,True,69,791.1908569335938,I-FGSM successful
200,0,0,6.0,True,33,404.59857177734375,I-FGSM successful
203,0,0,6.0,True,53,675.2850952148438,I-FGSM successful
218,0,0,2.0,True,19,254.8980255126953,I-FGSM successful
219,0,0,6.0,True,41,542.4822387695312,I-FGSM successful
239,0,0,5.0,True,57,678.7113037109375,I-FGSM successful
246,0,0,5.0,True,89,993.0226440429688,I-FGSM successful
251,0,0,2.0,True,87,1002.704345703125,I-FGSM successful
252,0,0,2.0,True,57,721.3646850585938,I-FGSM successful
261,0,0,9.0,True,53,696.7911987304688,I-FGSM successful
273,0,0,3.0,True,69,878.392822265625,I-FGSM successful
282,0,0,9.0,True,135,1068.5887451171875,I-FGSM successful
295,0,0,6.0,True,47,630.47998046875,I-FGSM successful
297,0,0,6.0,True,89,1085.8236083984375,I-FGSM successful
315,0,0,9.0,True,91,971.2337646484375,I-FGSM successful
322,0,0,9.0,True,75,989.7115478515625,I-FGSM successful
338,0,0,6.0,True,71,827.1680908203125,I-FGSM successful
339,0,0,5.0,True,43,540.0610961914062,I-FGSM successful
354,0,0,9.0,True,37,499.76593017578125,I-FGSM successful
356,0,0,2.0,True,49,645.4192504882812,I-FGSM successful
357,0,0,2.0,True,17,213.5743408203125,I-FGSM successful
359,0,0,8.0,True,23,311.94390869140625,I-FGSM successful
377,0,0,8.0,True,75,863.0341796875,I-FGSM successful
379,0,0,9.0,True,63,728.6466674804688,I-FGSM successful
387,0,0,6.0,True,35,460.4432678222656,I-FGSM successful
390,0,0,6.0,True,61,784.4061279296875,I-FGSM successful
394,0,0,9.0,True,67,790.5055541992188,I-FGSM successful
408,0,0,6.0,True,3,36.57868194580078,I-FGSM successful
423,0,0,2.0,True,67,818.7777709960938,I-FGSM successful
434,0,0,2.0,True,55,686.0743408203125,I-FGSM successful
436,0,0,2.0,True,65,774.5488891601562,I-FGSM successful
454,0,0,2.0,True,43,595.5484619140625,I-FGSM successful
462,0,0,9.0,True,67,688.5811767578125,I-FGSM successful
476,0,0,2.0,True,37,477.5793151855469,I-FGSM successful
497,0,0,2.0,True,69,828.3200073242188,I-FGSM successful
509,0,0,6.0,True,27,356.8094787597656,I-FGSM successful
511,0,0,2.0,True,69,834.65380859375,I-FGSM successful
521,0,0,2.0,True,23,309.4931335449219,I-FGSM successful
523,0,0,2.0,True,63,817.9920654296875,I-FGSM successful
524,0,0,9.0,True,75,842.750244140625,I-FGSM successful
534,0,0,9.0,True,63,783.1819458007812,I-FGSM successful
543,0,0,5.0,True,95,942.7364501953125,I-FGSM successful
550,0,0,9.0,True,53,610.1155395507812,I-FGSM successful
555,0,0,2.0,True,41,548.3703002929688,I-FGSM successful
559,0,0,2.0,True,81,912.2833862304688,I-FGSM successful
564,0,0,2.0,True,75,968.9968872070312,I-FGSM successful
575,0,0,5.0,True,49,609.3110961914062,I-FGSM successful
577,0,0,9.0,True,65,808.1002197265625,I-FGSM successful
595,0,0,9.0,True,51,615.2958374023438,I-FGSM successful
600,0,0,6.0,True,59,708.2965698242188,I-FGSM successful
630,0,0,9.0,True,69,869.0362548828125,I-FGSM successful
643,0,0,6.0,True,61,710.2760009765625,I-FGSM successful
667,0,0,5.0,True,93,997.7489624023438,I-FGSM successful
685,0,0,9.0,True,91,1004.0662231445312,I-FGSM successful
687,0,0,9.0,True,119,1152.749755859375,I-FGSM successful
701,0,0,6.0,True,57,743.8192138671875,I-FGSM successful
703,0,0,5.0,True,59,775.199951171875,I-FGSM successful
710,0,0,6.0,True,23,318.4022521972656,I-FGSM successful
716,0,0,6.0,True,7,89.44831085205078,I-FGSM successful
719,0,0,5.0,True,59,659.6627807617188,I-FGSM successful
725,0,0,6.0,True,85,922.1572265625,I-FGSM successful
727,0,0,9.0,True,43,522.3648071289062,I-FGSM successful
728,0,0,5.0,True,63,781.3021240234375,I-FGSM successful
732,0,0,2.0,True,87,1078.4957275390625,I-FGSM successful
744,0,0,6.0,True,49,618.017822265625,I-FGSM successful
757,0,0,5.0,True,63,732.3912963867188,I-FGSM successful
764,0,0,6.0,True,63,750.99267578125,I-FGSM successful
784,0,0,5.0,True,83,908.0770874023438,I-FGSM successful
789,0,0,8.0,True,97,1144.1473388671875,I-FGSM successful
803,0,0,5.0,True,91,1038.951416015625,I-FGSM successful
805,0,0,9.0,True,91,954.822998046875,I-FGSM successful
813,0,0,9.0,True,77,900.0994262695312,I-FGSM successful
822,0,0,4.0,True,27,338.6502685546875,I-FGSM successful
823,0,0,2.0,True,37,458.037109375,I-FGSM successful
828,0,0,8.0,True,61,785.7219848632812,I-FGSM successful
856,0,0,8.0,True,33,455.65338134765625,I-FGSM successful
861,0,0,6.0,True,143,1284.2900390625,I-FGSM successful
4,1,1,8.0,True,19,271.1807556152344,I-FGSM successful
6,1,1,8.0,True,27,393.47808837890625,I-FGSM successful
26,1,1,8.0,True,21,286.2586364746094,I-FGSM successful
34,1,1,4.0,True,23,352.43438720703125,I-FGSM successful
43,1,1,4.0,True,19,265.47882080078125,I-FGSM successful
50,1,1,7.0,True,21,283.8961181640625,I-FGSM successful
52,1,1,4.0,True,21,296.7102966308594,I-FGSM successful
57,1,1,4.0,True,27,397.8115234375,I-FGSM successful
64,1,1,8.0,True,25,379.3270263671875,I-FGSM successful
86,1,1,8.0,True,19,285.5415954589844,I-FGSM successful
96,1,1,4.0,True,25,363.763671875,I-FGSM successful
121,1,1,4.0,True,25,387.0594177246094,I-FGSM successful
125,1,1,8.0,True,31,431.973388671875,I-FGSM successful
126,1,1,4.0,True,23,337.3292236328125,I-FGSM successful
127,1,1,8.0,True,31,450.70501708984375,I-FGSM successful
130,1,1,8.0,True,17,249.69781494140625,I-FGSM successful
136,1,1,4.0,True,15,226.57228088378906,I-FGSM successful
141,1,1,8.0,True,21,294.5420227050781,I-FGSM successful
151,1,1,8.0,True,21,300.70416259765625,I-FGSM successful
159,1,1,8.0,True,21,305.43902587890625,I-FGSM successful
172,1,1,8.0,True,25,386.5915222167969,I-FGSM successful
183,1,1,8.0,True,21,291.5801696777344,I-FGSM successful
191,1,1,8.0,True,27,406.91644287109375,I-FGSM successful
208,1,1,8.0,True,17,237.7877197265625,I-FGSM successful
236,1,2,,False,1,,Already misclassified
243,1,1,4.0,True,23,344.8956298828125,I-FGSM successful
256,1,1,6.0,True,5,59.270565032958984,I-FGSM successful
257,1,1,8.0,True,15,214.0794219970703,I-FGSM successful
272,1,1,4.0,True,19,276.1141052246094,I-FGSM successful
298,1,1,4.0,True,25,363.0523376464844,I-FGSM successful
312,1,1,8.0,True,25,368.3327331542969,I-FGSM successful
328,1,1,8.0,True,25,363.41436767578125,I-FGSM successful
348,1,1,8.0,True,19,263.850341796875,I-FGSM successful
368,1,1,8.0,True,17,247.47323608398438,I-FGSM successful
384,1,1,8.0,True,15,208.3098602294922,I-FGSM successful
393,1,1,8.0,True,19,275.33978271484375,I-FGSM successful
407,1,1,2.0,True,15,217.23719787597656,I-FGSM successful
416,1,1,4.0,True,27,406.6177673339844,I-FGSM successful
429,1,1,9.0,True,25,349.5039367675781,I-FGSM successful
430,1,1,8.0,True,21,291.9057922363281,I-FGSM successful
432,1,1,4.0,True,25,380.5693054199219,I-FGSM successful
448,1,1,4.0,True,27,399.8662414550781,I-FGSM successful
452,1,1,4.0,True,21,283.6758728027344,I-FGSM successful
455,1,1,4.0,True,23,342.2995910644531,I-FGSM successful
456,1,1,9.0,True,19,264.0359802246094,I-FGSM successful
467,1,1,4.0,True,23,341.07769775390625,I-FGSM successful
469,1,1,4.0,True,15,224.99110412597656,I-FGSM successful
477,1,1,9.0,True,23,340.9648132324219,I-FGSM successful
487,1,1,8.0,True,9,123.81034088134766,I-FGSM successful
495,1,1,6.0,True,23,324.3994445800781,I-FGSM successful
499,1,1,8.0,True,21,305.1999206542969,I-FGSM successful
504,1,1,8.0,True,19,287.3099365234375,I-FGSM successful
505,1,1,8.0,True,23,337.7928466796875,I-FGSM successful
525,1,1,8.0,True,19,281.42315673828125,I-FGSM successful
531,1,1,4.0,True,19,278.2516784667969,I-FGSM successful
551,1,1,8.0,True,25,378.15606689453125,I-FGSM successful
561,1,1,7.0,True,25,386.1165771484375,I-FGSM successful
566,1,1,8.0,True,9,125.78553009033203,I-FGSM successful
573,1,1,8.0,True,19,279.6104431152344,I-FGSM successful
580,1,1,8.0,True,21,296.6900634765625,I-FGSM successful
608,1,1,4.0,True,5,58.48076629638672,I-FGSM successful
609,1,1,4.0,True,15,194.23696899414062,I-FGSM successful
613,1,1,8.0,True,17,239.46815490722656,I-FGSM successful
615,1,1,7.0,True,23,334.1541442871094,I-FGSM successful
627,1,1,8.0,True,17,250.48951721191406,I-FGSM successful
648,1,1,8.0,True,17,237.42156982421875,I-FGSM successful
655,1,1,4.0,True,25,367.23016357421875,I-FGSM successful
661,1,1,8.0,True,23,343.99853515625,I-FGSM successful
664,1,1,4.0,True,19,292.3132019042969,I-FGSM successful
665,1,1,4.0,True,23,333.0615539550781,I-FGSM successful
680,1,1,8.0,True,25,377.9351806640625,I-FGSM successful
689,1,1,8.0,True,23,338.7019348144531,I-FGSM successful
697,1,1,8.0,True,21,299.3242492675781,I-FGSM successful
704,1,1,7.0,True,25,363.3662109375,I-FGSM successful
707,1,1,4.0,True,23,341.4908447265625,I-FGSM successful
722,1,1,8.0,True,11,153.72052001953125,I-FGSM successful
723,1,1,4.0,True,23,340.2881164550781,I-FGSM successful
743,1,1,8.0,True,23,345.37371826171875,I-FGSM successful
754,1,1,8.0,True,21,301.54437255859375,I-FGSM successful
755,1,1,8.0,True,13,184.13038635253906,I-FGSM successful
758,1,1,9.0,True,23,332.68603515625,I-FGSM successful
759,1,1,2.0,True,21,296.67828369140625,I-FGSM successful
766,1,1,8.0,True,11,159.70285034179688,I-FGSM successful
770,1,1,8.0,True,3,38.131351470947266,I-FGSM successful
779,1,1,8.0,True,25,365.8633728027344,I-FGSM successful
788,1,1,4.0,True,17,248.71469116210938,I-FGSM successful
799,1,1,4.0,True,19,276.7345275878906,I-FGSM successful
820,1,1,8.0,True,19,276.5321044921875,I-FGSM successful
835,1,1,8.0,True,23,342.68060302734375,I-FGSM successful
860,1,1,8.0,True,17,237.44473266601562,I-FGSM successful
865,1,1,8.0,True,13,177.78919982910156,I-FGSM successful
891,1,1,4.0,True,23,343.2593688964844,I-FGSM successful
901,1,1,4.0,True,27,396.0429382324219,I-FGSM successful
903,1,1,8.0,True,19,281.29522705078125,I-FGSM successful
909,1,1,4.0,True,17,230.24551391601562,I-FGSM successful
927,1,1,8.0,True,15,213.0868377685547,I-FGSM successful
929,1,1,4.0,True,23,343.6873474121094,I-FGSM successful
931,1,1,8.0,True,21,302.4483337402344,I-FGSM successful
950,1,1,8.0,True,15,219.92726135253906,I-FGSM successful
971,1,1,4.0,True,25,384.9376525878906,I-FGSM successful
5,2,2,3.0,True,53,717.41552734375,I-FGSM successful
8,2,2,8.0,True,27,392.9618225097656,I-FGSM successful
10,2,2,9.0,True,13,159.7091064453125,I-FGSM successful
18,2,2,3.0,True,101,1108.051025390625,I-FGSM successful
21,2,2,7.0,True,61,725.8856811523438,I-FGSM successful
78,2,2,0.0,True,39,503.46002197265625,I-FGSM successful
87,2,2,8.0,True,51,748.2686767578125,I-FGSM successful
98,2,2,8.0,True,71,907.6646118164062,I-FGSM successful
111,2,2,8.0,True,19,268.5107116699219,I-FGSM successful
117,2,2,1.0,True,85,971.56884765625,I-FGSM successful
134,2,2,3.0,True,31,430.493896484375,I-FGSM successful
143,2,2,8.0,True,63,847.5441284179688,I-FGSM successful
161,2,2,8.0,True,29,422.9515380859375,I-FGSM successful
164,2,2,1.0,True,15,185.21609497070312,I-FGSM successful
165,2,2,3.0,True,61,792.0385131835938,I-FGSM successful
166,2,2,3.0,True,79,879.9085083007812,I-FGSM successful
170,2,2,8.0,True,65,904.048095703125,I-FGSM successful
175,2,2,3.0,True,31,413.24932861328125,I-FGSM successful
176,2,2,2.0,False,201,,I-FGSM failed
202,2,2,1.0,True,81,952.708740234375,I-FGSM successful
204,2,2,3.0,True,75,1015.5643920898438,I-FGSM successful
209,2,2,8.0,True,31,442.2646179199219,I-FGSM successful
224,2,2,3.0,True,79,820.010986328125,I-FGSM successful
240,2,2,0.0,True,29,425.9049072265625,I-FGSM successful
245,2,2,3.0,True,65,846.4319458007812,I-FGSM successful
258,2,2,3.0,True,35,464.0226135253906,I-FGSM successful
259,2,2,3.0,True,43,594.8722534179688,I-FGSM successful
269,2,2,3.0,True,19,264.3255615234375,I-FGSM successful
275,2,2,8.0,True,55,764.6502685546875,I-FGSM successful
276,2,2,3.0,True,51,558.2042846679688,I-FGSM successful
281,2,2,3.0,True,43,599.2603759765625,I-FGSM successful
288,2,2,3.0,True,49,662.6099853515625,I-FGSM successful
289,2,2,8.0,True,25,359.7693786621094,I-FGSM successful
308,2,2,8.0,True,37,520.439208984375,I-FGSM successful
313,2,2,3.0,True,23,281.09429931640625,I-FGSM successful
317,2,2,8.0,True,69,920.2510375976562,I-FGSM successful
327,2,2,1.0,True,63,684.5618896484375,I-FGSM successful
333,2,2,3.0,True,85,985.3446044921875,I-FGSM successful
344,2,2,3.0,True,65,857.3756713867188,I-FGSM successful
349,2,2,7.0,True,47,543.0193481445312,I-FGSM successful
352,2,2,3.0,True,49,626.35693359375,I-FGSM successful
386,2,2,8.0,True,41,604.6718139648438,I-FGSM successful
391,2,2,8.0,True,55,801.1117553710938,I-FGSM successful
418,2,2,3.0,True,63,806.9869995117188,I-FGSM successful
422,2,2,3.0,True,45,585.1085205078125,I-FGSM successful
435,2,2,3.0,True,63,807.9962768554688,I-FGSM successful
441,2,2,8.0,True,59,837.9606323242188,I-FGSM successful
442,2,2,7.0,True,47,604.5213012695312,I-FGSM successful
444,2,2,8.0,True,73,918.0,I-FGSM successful
447,2,2,3.0,True,55,690.4932861328125,I-FGSM successful
458,2,2,3.0,True,33,386.6251525878906,I-FGSM successful
463,2,2,3.0,True,59,747.6041870117188,I-FGSM successful
471,2,2,3.0,True,77,919.0679931640625,I-FGSM successful
475,2,2,3.0,True,89,1122.9345703125,I-FGSM successful
482,2,2,4.0,True,23,309.1520690917969,I-FGSM successful
490,2,2,3.0,True,37,470.2871398925781,I-FGSM successful
491,2,2,8.0,True,29,420.60076904296875,I-FGSM successful
494,2,2,7.0,True,59,704.7822265625,I-FGSM successful
514,2,2,3.0,True,45,567.02294921875,I-FGSM successful
542,2,2,4.0,True,17,207.04830932617188,I-FGSM successful
558,2,2,3.0,True,55,696.6246948242188,I-FGSM successful
587,2,2,8.0,True,65,896.0680541992188,I-FGSM successful
597,2,2,3.0,True,65,806.7025756835938,I-FGSM successful
626,2,2,3.0,True,37,449.6865539550781,I-FGSM successful
663,2,2,3.0,True,15,202.44752502441406,I-FGSM successful
679,2,2,3.0,True,99,1274.696044921875,I-FGSM successful
712,2,2,3.0,True,5,55.44366455078125,I-FGSM successful
729,2,2,8.0,True,41,606.113037109375,I-FGSM successful
738,2,2,8.0,True,25,360.2110595703125,I-FGSM successful
742,2,2,4.0,True,37,465.34503173828125,I-FGSM successful
745,2,2,1.0,True,73,815.0337524414062,I-FGSM successful
756,2,2,7.0,True,37,455.2976989746094,I-FGSM successful
760,2,2,8.0,True,43,640.2023315429688,I-FGSM successful
768,2,2,2.0,False,201,,I-FGSM failed
775,2,2,3.0,True,57,781.1920166015625,I-FGSM successful
781,2,2,3.0,True,35,467.1573486328125,I-FGSM successful
787,2,2,3.0,True,63,821.0365600585938,I-FGSM successful
794,2,2,3.0,True,47,646.66064453125,I-FGSM successful
806,2,2,3.0,True,37,486.54290771484375,I-FGSM successful
808,2,2,3.0,True,79,1014.1809692382812,I-FGSM successful
809,2,2,8.0,True,55,800.6097412109375,I-FGSM successful
824,2,2,3.0,True,81,952.45263671875,I-FGSM successful
830,2,2,3.0,True,71,977.410888671875,I-FGSM successful
836,2,2,8.0,True,35,493.3943786621094,I-FGSM successful
839,2,2,3.0,True,45,597.9816284179688,I-FGSM successful
843,2,2,1.0,True,87,913.958984375,I-FGSM successful
848,2,2,1.0,True,59,655.3426513671875,I-FGSM successful
863,2,2,3.0,True,39,513.5426025390625,I-FGSM successful
869,2,2,8.0,True,21,284.8753967285156,I-FGSM successful
871,2,2,3.0,True,75,860.5579833984375,I-FGSM successful
878,2,2,9.0,True,33,443.99774169921875,I-FGSM successful
886,2,2,1.0,True,83,886.7180786132812,I-FGSM successful
888,2,2,8.0,True,59,794.5653076171875,I-FGSM successful
893,2,2,4.0,True,11,150.67514038085938,I-FGSM successful
913,2,2,1.0,True,89,956.7831420898438,I-FGSM successful
916,2,2,3.0,True,27,375.81512451171875,I-FGSM successful
922,2,2,8.0,True,69,870.1729736328125,I-FGSM successful
933,2,2,3.0,True,81,978.4492797851562,I-FGSM successful
958,2,2,3.0,True,75,918.7088623046875,I-FGSM successful
965,2,2,8.0,True,29,406.06402587890625,I-FGSM successful
32,3,3,8.0,True,69,884.5292358398438,I-FGSM successful
33,3,3,9.0,True,49,628.4878540039062,I-FGSM successful
51,3,3,2.0,True,63,799.5086059570312,I-FGSM successful
66,3,3,5.0,True,31,390.4779052734375,I-FGSM successful
74,3,3,8.0,True,19,273.24163818359375,I-FGSM successful
76,3,3,8.0,True,21,263.37994384765625,I-FGSM successful
81,3,3,2.0,True,55,563.5636596679688,I-FGSM successful
82,3,3,8.0,True,37,532.5588989257812,I-FGSM successful
85,3,3,8.0,True,43,472.46905517578125,I-FGSM successful
91,3,3,8.0,True,35,461.8701171875,I-FGSM successful
120,3,5,,False,1,,Already misclassified
122,3,3,7.0,True,103,1061.7999267578125,I-FGSM successful
133,3,3,8.0,True,55,682.7766723632812,I-FGSM successful
137,3,3,2.0,True,47,656.4137573242188,I-FGSM successful
147,3,3,2.0,True,33,442.76177978515625,I-FGSM successful
152,3,3,8.0,True,7,98.34123992919922,I-FGSM successful
162,3,3,9.0,True,63,771.6708984375,I-FGSM successful
167,3,3,9.0,True,35,413.7789306640625,I-FGSM successful
211,3,3,5.0,True,41,527.9166870117188,I-FGSM successful
215,3,3,9.0,True,65,804.6471557617188,I-FGSM successful
216,3,3,9.0,True,35,477.4107360839844,I-FGSM successful
247,3,3,8.0,True,7,103.74005889892578,I-FGSM successful
248,3,3,2.0,True,29,391.59417724609375,I-FGSM successful
255,3,3,8.0,True,35,484.1125793457031,I-FGSM successful
262,3,3,8.0,True,63,801.0836181640625,I-FGSM successful
270,3,3,9.0,True,41,587.1694946289062,I-FGSM successful
279,3,3,8.0,True,47,615.3104858398438,I-FGSM successful
285,3,3,5.0,True,53,635.8812866210938,I-FGSM successful
286,3,3,7.0,True,95,931.2867431640625,I-FGSM successful
303,3,3,7.0,True,39,470.0595703125,I-FGSM successful
310,3,3,9.0,True,45,506.72576904296875,I-FGSM successful
311,3,3,9.0,True,35,445.244873046875,I-FGSM successful
314,3,3,8.0,True,77,855.2554931640625,I-FGSM successful
335,3,2,,False,1,,Already misclassified
337,3,3,8.0,True,51,710.2935791015625,I-FGSM successful
340,3,3,8.0,True,51,703.921875,I-FGSM successful
343,3,3,8.0,True,27,393.4984130859375,I-FGSM successful
347,3,3,5.0,True,35,434.0,I-FGSM successful
361,3,3,8.0,True,37,536.70849609375,I-FGSM successful
364,3,3,9.0,True,65,836.670166015625,I-FGSM successful
366,3,3,8.0,True,33,476.8888854980469,I-FGSM successful
383,3,3,0.0,True,69,910.9044799804688,I-FGSM successful
385,3,3,5.0,True,51,622.8001098632812,I-FGSM successful
400,3,3,9.0,True,51,643.2332153320312,I-FGSM successful
401,3,3,8.0,True,35,472.8012390136719,I-FGSM successful
403,3,3,5.0,True,47,605.1958618164062,I-FGSM successful
405,3,3,9.0,True,27,366.44097900390625,I-FGSM successful
412,3,3,7.0,True,143,1082.06982421875,I-FGSM successful
424,3,3,2.0,True,41,577.910888671875,I-FGSM successful
433,3,3,3.0,False,201,,I-FGSM failed
438,3,3,8.0,True,51,670.4483642578125,I-FGSM successful
459,3,3,8.0,True,23,278.3055725097656,I-FGSM successful
464,3,3,2.0,True,41,538.3261108398438,I-FGSM successful
481,3,3,7.0,True,69,718.4664306640625,I-FGSM successful
500,3,3,7.0,True,21,237.75196838378906,I-FGSM successful
507,3,3,5.0,True,45,579.821533203125,I-FGSM successful
510,3,3,3.0,False,201,,I-FGSM failed
517,3,3,5.0,True,63,713.0090942382812,I-FGSM successful
530,3,3,9.0,True,31,401.4971923828125,I-FGSM successful
544,3,3,5.0,True,61,713.1956176757812,I-FGSM successful
556,3,3,5.0,True,83,1001.9615478515625,I-FGSM successful
567,3,3,7.0,True,53,585.182861328125,I-FGSM successful
576,3,3,3.0,False,201,,I-FGSM failed
586,3,3,8.0,True,43,579.533447265625,I-FGSM successful
618,3,3,8.0,True,21,280.2926940917969,I-FGSM successful
625,3,3,2.0,True,37,490.02960205078125,I-FGSM successful
635,3,3,8.0,True,27,379.8697204589844,I-FGSM successful
642,3,3,7.0,True,73,877.0860595703125,I-FGSM successful
650,3,3,2.0,True,41,538.78564453125,I-FGSM successful
670,3,3,5.0,True,47,533.7124633789062,I-FGSM successful
677,3,3,8.0,True,33,433.97235107421875,I-FGSM successful
681,3,3,7.0,True,143,1050.77880859375,I-FGSM successful
691,3,3,7.0,True,129,999.5859375,I-FGSM successful
695,3,3,9.0,True,41,505.5373229980469,I-FGSM successful
709,3,3,9.0,True,49,609.8516235351562,I-FGSM successful
714,3,3,3.0,False,201,,I-FGSM failed
718,3,3,2.0,True,59,709.1022338867188,I-FGSM successful
741,3,3,8.0,True,43,564.9946899414062,I-FGSM successful
746,3,3,5.0,True,65,787.1988525390625,I-FGSM successful
769,3,3,3.0,False,201,,I-FGSM failed
777,3,3,5.0,True,157,1217.104736328125,I-FGSM successful
793,3,3,5.0,True,49,616.4722290039062,I-FGSM successful
837,3,3,2.0,True,83,951.2796630859375,I-FGSM successful
850,3,3,8.0,True,47,674.3893432617188,I-FGSM successful
851,3,3,8.0,True,55,728.5430908203125,I-FGSM successful
854,3,3,7.0,True,15,195.358642578125,I-FGSM successful
859,3,3,8.0,True,43,562.76904296875,I-FGSM successful
867,3,3,8.0,True,31,454.8109436035156,I-FGSM successful
874,3,3,9.0,True,43,554.4456787109375,I-FGSM successful
885,3,3,2.0,True,41,555.7301635742188,I-FGSM successful
906,3,3,5.0,True,31,416.49249267578125,I-FGSM successful
915,3,3,9.0,True,37,490.03265380859375,I-FGSM successful
942,3,3,3.0,False,201,,I-FGSM failed
951,3,3,8.0,True,79,940.504150390625,I-FGSM successful
952,3,3,5.0,True,21,254.44253540039062,I-FGSM successful
976,3,3,8.0,True,59,822.3235473632812,I-FGSM successful
982,3,3,8.0,True,33,470.0382995605469,I-FGSM successful
991,3,3,5.0,True,39,524.658935546875,I-FGSM successful
998,3,3,3.0,False,201,,I-FGSM failed
1004,3,3,5.0,True,49,596.0109252929688,I-FGSM successful
55,4,4,9.0,True,33,470.4954833984375,I-FGSM successful
62,4,4,9.0,True,15,201.7969207763672,I-FGSM successful
68,4,4,9.0,True,25,356.6314697265625,I-FGSM successful
69,4,4,9.0,True,17,237.49737548828125,I-FGSM successful
83,4,4,9.0,True,23,313.1676940917969,I-FGSM successful
103,4,4,9.0,True,33,450.7804260253906,I-FGSM successful
107,4,4,7.0,True,97,1054.13134765625,I-FGSM successful
108,4,4,6.0,True,51,698.95849609375,I-FGSM successful
109,4,4,9.0,True,33,478.18511962890625,I-FGSM successful
116,4,4,9.0,True,13,177.6316375732422,I-FGSM successful
129,4,4,8.0,True,31,447.02459716796875,I-FGSM successful
144,4,4,9.0,True,23,319.685791015625,I-FGSM successful
145,4,4,9.0,True,15,209.00479125976562,I-FGSM successful
171,4,4,9.0,True,39,538.4393920898438,I-FGSM successful
197,4,4,9.0,True,25,352.0170593261719,I-FGSM successful
199,4,4,9.0,True,71,993.3206787109375,I-FGSM successful
205,4,4,9.0,True,35,478.96868896484375,I-FGSM successful
221,4,4,9.0,True,47,655.5737915039062,I-FGSM successful
227,4,4,9.0,True,39,560.2463989257812,I-FGSM successful
228,4,4,7.0,True,23,299.48956298828125,I-FGSM successful
237,4,4,9.0,True,45,599.231201171875,I-FGSM successful
263,4,9,,False,1,,Already misclassified
271,4,4,7.0,True,43,588.3714599609375,I-FGSM successful
283,4,4,8.0,True,35,468.63311767578125,I-FGSM successful
300,4,4,8.0,True,63,884.8372802734375,I-FGSM successful
302,4,4,9.0,True,41,590.6759033203125,I-FGSM successful
323,4,4,7.0,True,51,621.778076171875,I-FGSM successful
325,4,4,9.0,True,37,495.5713806152344,I-FGSM successful
332,4,4,3.0,True,53,643.5596313476562,I-FGSM successful
346,4,4,9.0,True,49,659.7643432617188,I-FGSM successful
355,4,4,9.0,True,51,703.2147827148438,I-FGSM successful
373,4,4,9.0,True,3,34.336570739746094,I-FGSM successful
389,4,4,9.0,True,27,403.1004943847656,I-FGSM successful
399,4,4,9.0,True,51,728.4194946289062,I-FGSM successful
419,4,4,9.0,True,27,394.2397766113281,I-FGSM successful
431,4,4,7.0,True,37,445.5648193359375,I-FGSM successful
443,4,4,9.0,True,29,394.7176208496094,I-FGSM successful
457,4,4,8.0,True,25,350.40118408203125,I-FGSM successful
465,4,4,9.0,True,43,640.4935302734375,I-FGSM successful
484,4,4,9.0,True,29,423.404052734375,I-FGSM successful
496,4,4,9.0,True,37,489.2269287109375,I-FGSM successful
516,4,4,9.0,True,39,506.8678283691406,I-FGSM successful
547,4,4,9.0,True,41,565.4821166992188,I-FGSM successful
552,4,4,9.0,True,37,508.5902099609375,I-FGSM successful
554,4,4,9.0,True,11,157.40394592285156,I-FGSM successful
560,4,4,7.0,True,55,655.1228637695312,I-FGSM successful
572,4,4,9.0,True,21,281.6434020996094,I-FGSM successful
584,4,4,8.0,True,47,652.4913940429688,I-FGSM successful
589,4,4,9.0,True,33,476.9203186035156,I-FGSM successful
591,4,4,9.0,True,43,573.20849609375,I-FGSM successful
599,4,4,9.0,True,33,461.4986572265625,I-FGSM successful
603,4,4,9.0,True,55,732.1727905273438,I-FGSM successful
622,4,4,9.0,True,21,292.67559814453125,I-FGSM successful
624,4,4,7.0,True,51,679.1472778320312,I-FGSM successful
644,4,4,9.0,True,23,319.1363220214844,I-FGSM successful
652,4,4,7.0,True,51,592.9013671875,I-FGSM successful
653,4,4,9.0,True,11,141.53445434570312,I-FGSM successful
671,4,4,8.0,True,13,180.8148193359375,I-FGSM successful
675,4,4,9.0,True,15,203.53623962402344,I-FGSM successful
693,4,4,7.0,True,37,449.7210388183594,I-FGSM successful
713,4,4,9.0,True,43,563.28857421875,I-FGSM successful
720,4,4,8.0,True,41,562.7033081054688,I-FGSM successful
739,4,4,9.0,True,29,390.2870788574219,I-FGSM successful
747,4,4,7.0,True,47,618.9393920898438,I-FGSM successful
761,4,4,9.0,True,23,322.9024658203125,I-FGSM successful
774,4,4,9.0,True,17,217.3821563720703,I-FGSM successful
780,4,4,9.0,True,31,430.962890625,I-FGSM successful
790,4,4,9.0,True,11,154.7449493408203,I-FGSM successful
797,4,4,9.0,True,25,356.2499084472656,I-FGSM successful
833,4,4,7.0,True,73,915.9759521484375,I-FGSM successful
844,4,4,6.0,True,27,358.0977478027344,I-FGSM successful
864,4,4,9.0,True,41,521.3194580078125,I-FGSM successful
872,4,4,8.0,True,39,521.8696899414062,I-FGSM successful
875,4,4,8.0,True,63,863.1668701171875,I-FGSM successful
881,4,4,8.0,True,65,876.5038452148438,I-FGSM successful
905,4,4,8.0,True,39,531.2504272460938,I-FGSM successful
907,4,4,2.0,True,43,546.96435546875,I-FGSM successful
910,4,4,9.0,True,47,662.3095703125,I-FGSM successful
932,4,4,2.0,True,87,1092.4779052734375,I-FGSM successful
939,4,4,9.0,True,41,563.2335205078125,I-FGSM successful
940,4,4,9.0,True,43,557.73291015625,I-FGSM successful
946,4,4,9.0,True,15,205.29248046875,I-FGSM successful
949,4,4,9.0,True,19,270.2646789550781,I-FGSM successful
960,4,4,7.0,True,113,1160.4886474609375,I-FGSM successful
983,4,4,9.0,True,29,414.7939147949219,I-FGSM successful
986,4,4,8.0,True,35,460.953369140625,I-FGSM successful
996,4,4,9.0,True,31,416.66534423828125,I-FGSM successful
1014,4,4,6.0,True,57,753.4938354492188,I-FGSM successful
1017,4,4,9.0,True,37,518.6549682617188,I-FGSM successful
1021,4,4,9.0,True,7,93.71232604980469,I-FGSM successful
1043,4,4,9.0,True,21,282.7861328125,I-FGSM successful
1051,4,4,3.0,True,75,879.8641967773438,I-FGSM successful
1052,4,4,9.0,True,25,364.9465637207031,I-FGSM successful
1054,4,4,7.0,True,99,1186.4859619140625,I-FGSM successful
1059,4,4,9.0,True,57,741.4431762695312,I-FGSM successful
1086,4,4,9.0,True,51,675.924560546875,I-FGSM successful
1090,4,4,7.0,True,39,480.82220458984375,I-FGSM successful
1091,4,4,9.0,True,33,445.3133850097656,I-FGSM successful
1096,4,4,9.0,True,15,214.88601684570312,I-FGSM successful
1129,4,4,6.0,True,59,760.5116577148438,I-FGSM successful
11,5,5,3.0,True,55,752.0924072265625,I-FGSM successful
15,5,5,6.0,True,35,464.1012878417969,I-FGSM successful
31,5,5,8.0,True,29,421.5139465332031,I-FGSM successful
38,5,5,3.0,True,23,308.6891784667969,I-FGSM successful
45,5,5,8.0,True,43,556.609375,I-FGSM successful
56,5,5,8.0,True,49,673.5636596679688,I-FGSM successful
77,5,5,9.0,True,11,151.55526733398438,I-FGSM successful
84,5,5,3.0,True,41,550.9509887695312,I-FGSM successful
92,5,5,3.0,True,41,543.4906005859375,I-FGSM successful
100,5,5,8.0,True,39,538.12451171875,I-FGSM successful
106,5,5,8.0,True,45,623.414794921875,I-FGSM successful
110,5,5,9.0,True,63,846.6799926757812,I-FGSM successful
115,5,5,6.0,True,47,611.776123046875,I-FGSM successful
131,5,5,8.0,True,39,510.6446838378906,I-FGSM successful
149,5,5,9.0,True,47,596.2943725585938,I-FGSM successful
154,5,5,8.0,True,33,447.12750244140625,I-FGSM successful
181,5,5,8.0,True,21,306.1551818847656,I-FGSM successful
189,5,5,3.0,True,13,162.8895263671875,I-FGSM successful
190,5,5,9.0,True,67,781.1414794921875,I-FGSM successful
195,5,5,8.0,True,25,372.5546875,I-FGSM successful
201,5,5,3.0,True,11,150.65855407714844,I-FGSM successful
214,5,5,3.0,True,57,737.4442138671875,I-FGSM successful
229,5,5,9.0,True,81,986.5059814453125,I-FGSM successful
230,5,5,3.0,True,43,540.7698364257812,I-FGSM successful
235,5,5,3.0,True,41,552.703369140625,I-FGSM successful
242,5,5,3.0,True,47,630.358642578125,I-FGSM successful
266,5,5,3.0,True,31,449.7021179199219,I-FGSM successful
292,5,5,3.0,True,59,765.8322143554688,I-FGSM successful
293,5,5,8.0,True,37,492.28448486328125,I-FGSM successful
309,5,5,6.0,True,7,89.8498764038086,I-FGSM successful
331,5,5,9.0,True,55,691.0643920898438,I-FGSM successful
342,5,5,9.0,True,37,480.4081726074219,I-FGSM successful
365,5,5,8.0,True,35,517.5345458984375,I-FGSM successful
369,5,5,8.0,True,69,906.1848754882812,I-FGSM successful
372,5,5,8.0,True,47,716.06005859375,I-FGSM successful
375,5,5,3.0,True,17,219.31939697265625,I-FGSM successful
378,5,5,8.0,True,65,830.5359497070312,I-FGSM successful
381,5,5,8.0,True,51,721.1157836914062,I-FGSM successful
415,5,5,8.0,True,51,667.181396484375,I-FGSM successful
421,5,5,3.0,True,31,403.0124206542969,I-FGSM successful
485,5,5,3.0,True,35,474.5987854003906,I-FGSM successful
492,5,5,9.0,True,51,661.1868286132812,I-FGSM successful
503,5,5,8.0,True,53,681.5863647460938,I-FGSM successful
512,5,5,8.0,True,23,315.6279602050781,I-FGSM successful
520,5,5,8.0,True,19,264.3652648925781,I-FGSM successful
532,5,5,9.0,True,21,249.8339385986328,I-FGSM successful
541,5,5,8.0,True,25,369.7958984375,I-FGSM successful
548,5,5,9.0,True,45,595.377197265625,I-FGSM successful
549,5,5,9.0,True,51,654.4585571289062,I-FGSM successful
578,5,5,8.0,True,33,455.2845153808594,I-FGSM successful
579,5,5,9.0,True,51,612.8605346679688,I-FGSM successful
581,5,5,3.0,True,67,824.0333862304688,I-FGSM successful
590,5,5,9.0,True,55,662.4832153320312,I-FGSM successful
604,5,5,9.0,True,41,592.686279296875,I-FGSM successful
606,5,5,3.0,True,77,946.401611328125,I-FGSM successful
631,5,5,8.0,True,33,464.2929992675781,I-FGSM successful
634,5,5,9.0,True,21,278.28582763671875,I-FGSM successful
636,5,5,6.0,True,37,513.6116943359375,I-FGSM successful
637,5,5,3.0,True,59,796.4232788085938,I-FGSM successful
638,5,5,8.0,True,55,736.4312744140625,I-FGSM successful
641,5,5,8.0,True,51,726.8514404296875,I-FGSM successful
657,5,5,6.0,True,29,394.3133239746094,I-FGSM successful
660,5,5,3.0,True,47,617.9231567382812,I-FGSM successful
668,5,5,9.0,True,61,810.4517211914062,I-FGSM successful
692,5,5,9.0,True,25,346.7376403808594,I-FGSM successful
708,5,5,9.0,True,71,830.4263916015625,I-FGSM successful
726,5,5,3.0,True,37,518.1177368164062,I-FGSM successful
735,5,5,3.0,True,29,399.5860290527344,I-FGSM successful
749,5,5,3.0,True,45,588.2626953125,I-FGSM successful
750,5,5,6.0,True,15,214.9302215576172,I-FGSM successful
778,5,5,8.0,True,63,800.640380859375,I-FGSM successful
795,5,5,8.0,True,55,788.3489379882812,I-FGSM successful
796,5,5,9.0,True,29,385.99481201171875,I-FGSM successful
798,5,5,9.0,True,51,697.7062377929688,I-FGSM successful
804,5,5,9.0,True,61,778.3065185546875,I-FGSM successful
811,5,5,8.0,True,41,564.9407348632812,I-FGSM successful
816,5,5,8.0,True,59,813.2521362304688,I-FGSM successful
821,5,5,9.0,True,53,622.12939453125,I-FGSM successful
825,5,5,9.0,True,51,711.1631469726562,I-FGSM successful
831,5,5,8.0,True,33,443.9459533691406,I-FGSM successful
832,5,5,9.0,True,33,460.6593017578125,I-FGSM successful
846,5,5,8.0,True,29,419.447265625,I-FGSM successful
853,5,5,8.0,True,25,364.310302734375,I-FGSM successful
857,5,5,8.0,True,49,642.5247192382812,I-FGSM successful
880,5,5,9.0,True,49,614.5022583007812,I-FGSM successful
882,5,5,3.0,True,69,929.0968627929688,I-FGSM successful
892,5,5,3.0,True,33,454.0892028808594,I-FGSM successful
919,5,5,8.0,True,31,406.49969482421875,I-FGSM successful
920,5,5,8.0,True,51,742.9246215820312,I-FGSM successful
924,5,5,9.0,True,59,719.2092895507812,I-FGSM successful
944,5,5,6.0,True,15,215.63858032226562,I-FGSM successful
964,5,5,8.0,True,35,491.1109924316406,I-FGSM successful
967,5,5,9.0,True,47,591.76513671875,I-FGSM successful
969,5,5,8.0,True,19,286.84490966796875,I-FGSM successful
975,5,5,8.0,True,51,695.0043334960938,I-FGSM successful
987,5,5,6.0,True,31,400.1799621582031,I-FGSM successful
1005,5,5,8.0,True,53,695.7750854492188,I-FGSM successful
1027,5,5,3.0,True,55,778.1613159179688,I-FGSM successful
1038,5,5,9.0,True,29,409.48748779296875,I-FGSM successful
1087,5,5,3.0,True,37,501.7788391113281,I-FGSM successful
14,6,4,,False,1,,Already misclassified
19,6,6,4.0,True,37,523.2112426757812,I-FGSM successful
23,6,6,8.0,True,47,675.5960083007812,I-FGSM successful
30,6,6,5.0,True,29,397.52484130859375,I-FGSM successful
37,6,6,0.0,True,63,765.8811645507812,I-FGSM successful
39,6,6,5.0,True,79,1083.1025390625,I-FGSM successful
71,6,6,4.0,True,23,311.9102478027344,I-FGSM successful
104,6,6,0.0,True,55,711.3718872070312,I-FGSM successful
132,6,6,4.0,True,65,894.0240478515625,I-FGSM successful
139,6,6,5.0,True,41,536.7876586914062,I-FGSM successful
148,6,6,0.0,True,61,822.3660888671875,I-FGSM successful
156,6,6,4.0,True,47,628.0740356445312,I-FGSM successful
158,6,6,5.0,True,43,616.9505615234375,I-FGSM successful
169,6,6,5.0,True,63,871.0005493164062,I-FGSM successful
180,6,6,9.0,True,25,337.30401611328125,I-FGSM successful
185,6,6,4.0,True,29,347.4708557128906,I-FGSM successful
192,6,6,5.0,True,55,767.94921875,I-FGSM successful
213,6,6,4.0,True,21,264.06439208984375,I-FGSM successful
232,6,6,8.0,True,61,680.0779418945312,I-FGSM successful
244,6,6,0.0,True,31,396.7530822753906,I-FGSM successful
277,6,6,4.0,True,41,517.7731323242188,I-FGSM successful
284,6,6,4.0,True,15,211.31492614746094,I-FGSM successful
287,6,6,0.0,True,57,669.9947509765625,I-FGSM successful
351,6,6,9.0,True,51,712.2527465820312,I-FGSM successful
358,6,6,4.0,True,27,351.7911376953125,I-FGSM successful
362,6,6,8.0,True,29,378.72021484375,I-FGSM successful
363,6,6,4.0,True,43,599.5990600585938,I-FGSM successful
392,6,6,5.0,True,25,323.0185852050781,I-FGSM successful
398,6,6,8.0,True,25,341.9590759277344,I-FGSM successful
402,6,6,0.0,True,55,732.2485961914062,I-FGSM successful
409,6,6,4.0,True,41,535.9085693359375,I-FGSM successful
411,6,6,4.0,True,39,513.6740112304688,I-FGSM successful
425,6,6,5.0,True,49,694.4026489257812,I-FGSM successful
428,6,6,0.0,True,39,526.0323486328125,I-FGSM successful
440,6,6,8.0,True,37,499.8359680175781,I-FGSM successful
450,6,6,5.0,True,39,528.7948608398438,I-FGSM successful
453,6,6,5.0,True,53,709.9014282226562,I-FGSM successful
460,6,6,4.0,True,39,508.573486328125,I-FGSM successful
461,6,6,5.0,True,55,712.0217895507812,I-FGSM successful
479,6,6,5.0,True,35,426.0528259277344,I-FGSM successful
483,6,6,2.0,True,19,242.4458770751953,I-FGSM successful
488,6,6,8.0,True,39,499.32855224609375,I-FGSM successful
489,6,6,8.0,True,3,37.947330474853516,I-FGSM successful
518,6,6,5.0,True,49,639.3129272460938,I-FGSM successful
528,6,6,2.0,True,39,514.1371459960938,I-FGSM successful
537,6,6,0.0,True,43,549.2831420898438,I-FGSM successful
545,6,6,4.0,True,35,423.8561096191406,I-FGSM successful
568,6,6,4.0,True,41,516.4213256835938,I-FGSM successful
574,6,6,5.0,True,47,630.7337036132812,I-FGSM successful
585,6,6,0.0,True,23,287.5308532714844,I-FGSM successful
596,6,6,4.0,True,27,363.2148132324219,I-FGSM successful
598,6,6,8.0,True,31,441.4657287597656,I-FGSM successful
602,6,6,9.0,True,59,840.3868408203125,I-FGSM successful
605,6,6,8.0,True,59,743.5953369140625,I-FGSM successful
616,6,6,5.0,True,65,900.8257446289062,I-FGSM successful
617,6,6,0.0,True,39,536.5482177734375,I-FGSM successful
623,6,6,8.0,True,29,414.40802001953125,I-FGSM successful
646,6,6,5.0,True,63,779.5767822265625,I-FGSM successful
651,6,6,5.0,True,61,805.9100341796875,I-FGSM successful
654,6,6,0.0,True,31,405.9963073730469,I-FGSM successful
656,6,6,4.0,True,43,572.9013671875,I-FGSM successful
662,6,6,0.0,True,53,713.5614624023438,I-FGSM successful
678,6,6,8.0,True,33,483.2049255371094,I-FGSM successful
696,6,6,0.0,True,69,949.6983642578125,I-FGSM successful
702,6,6,8.0,True,47,593.8038330078125,I-FGSM successful
733,6,6,4.0,True,31,389.2531433105469,I-FGSM successful
763,6,6,5.0,True,59,777.2869262695312,I-FGSM successful
767,6,6,5.0,True,75,912.12060546875,I-FGSM successful
771,6,6,5.0,True,65,736.5867309570312,I-FGSM successful
776,6,6,0.0,True,43,626.5748291015625,I-FGSM successful
783,6,6,8.0,True,23,305.9150085449219,I-FGSM successful
791,6,6,0.0,True,33,439.5873107910156,I-FGSM successful
792,6,6,0.0,True,33,481.6461486816406,I-FGSM successful
801,6,6,0.0,True,37,507.9241943359375,I-FGSM successful
802,6,6,5.0,True,31,435.02642822265625,I-FGSM successful
807,6,6,5.0,True,51,705.0347290039062,I-FGSM successful
812,6,6,0.0,True,33,444.07769775390625,I-FGSM successful
818,6,6,0.0,True,33,478.48614501953125,I-FGSM successful
819,6,6,5.0,True,25,324.3023376464844,I-FGSM successful
826,6,6,4.0,True,47,590.9306030273438,I-FGSM successful
827,6,6,8.0,True,57,737.5079956054688,I-FGSM successful
829,6,6,4.0,True,63,784.8948974609375,I-FGSM successful
855,6,6,9.0,True,57,792.8209228515625,I-FGSM successful
883,6,6,5.0,True,41,540.9602661132812,I-FGSM successful
884,6,6,4.0,True,31,402.2971496582031,I-FGSM successful
890,6,6,8.0,True,41,606.8928833007812,I-FGSM successful
894,6,6,0.0,True,39,567.1410522460938,I-FGSM successful
899,6,6,0.0,True,39,524.439697265625,I-FGSM successful
900,6,6,5.0,True,45,555.8327026367188,I-FGSM successful
925,6,6,9.0,True,31,396.4492492675781,I-FGSM successful
930,6,6,8.0,True,61,850.0758666992188,I-FGSM successful
936,6,6,8.0,True,51,742.8990478515625,I-FGSM successful
938,6,6,4.0,True,43,581.0593872070312,I-FGSM successful
945,6,6,5.0,True,33,428.9429016113281,I-FGSM successful
955,6,6,5.0,True,17,222.77117919921875,I-FGSM successful
956,6,6,8.0,True,21,298.1056823730469,I-FGSM successful
959,6,6,5.0,True,41,543.8464965820312,I-FGSM successful
981,6,6,8.0,True,57,810.177734375,I-FGSM successful
1001,6,6,8.0,True,55,709.1375122070312,I-FGSM successful
1002,6,6,5.0,True,57,797.0941162109375,I-FGSM successful
1,7,7,8.0,True,41,572.4141845703125,I-FGSM successful
9,7,7,9.0,True,23,293.1927795410156,I-FGSM successful
12,7,7,4.0,True,15,200.2922821044922,I-FGSM successful
17,7,7,9.0,True,39,495.3978271484375,I-FGSM successful
20,7,7,3.0,True,25,374.77593994140625,I-FGSM successful
22,7,7,3.0,True,35,453.09600830078125,I-FGSM successful
24,7,7,9.0,True,19,264.30474853515625,I-FGSM successful
25,7,7,9.0,True,25,328.05029296875,I-FGSM successful
28,7,7,9.0,True,37,513.4452514648438,I-FGSM successful
29,7,7,3.0,True,35,500.6256103515625,I-FGSM successful
46,7,7,3.0,True,55,792.9684448242188,I-FGSM successful
47,7,7,3.0,True,57,776.16943359375,I-FGSM successful
53,7,7,8.0,True,15,187.8483428955078,I-FGSM successful
54,7,7,2.0,True,33,447.14202880859375,I-FGSM successful
70,7,7,9.0,True,13,180.1887969970703,I-FGSM successful
79,7,7,3.0,True,47,680.8648681640625,I-FGSM successful
80,7,7,3.0,True,47,676.6062622070312,I-FGSM successful
90,7,7,9.0,True,41,548.8178100585938,I-FGSM successful
93,7,7,3.0,True,27,392.3531494140625,I-FGSM successful
94,7,7,9.0,True,37,514.0048828125,I-FGSM successful
99,7,7,2.0,True,31,385.8211975097656,I-FGSM successful
114,7,7,8.0,True,39,568.7354125976562,I-FGSM successful
124,7,7,3.0,True,43,583.9203491210938,I-FGSM successful
146,7,7,2.0,True,31,353.874267578125,I-FGSM successful
163,7,7,9.0,True,45,577.3214111328125,I-FGSM successful
168,7,7,9.0,True,41,570.9885864257812,I-FGSM successful
193,7,7,2.0,True,47,635.4462890625,I-FGSM successful
198,7,7,9.0,True,23,290.490966796875,I-FGSM successful
207,7,7,9.0,True,47,700.4219970703125,I-FGSM successful
217,7,7,9.0,True,25,321.2117614746094,I-FGSM successful
223,7,7,9.0,True,53,766.9791259765625,I-FGSM successful
268,7,7,9.0,True,21,275.258056640625,I-FGSM successful
274,7,7,9.0,True,39,521.5026245117188,I-FGSM successful
290,7,7,9.0,True,37,523.0545043945312,I-FGSM successful
304,7,7,2.0,True,39,508.88702392578125,I-FGSM successful
305,7,7,8.0,True,31,439.2083740234375,I-FGSM successful
316,7,7,2.0,True,47,589.2113647460938,I-FGSM successful
321,7,7,8.0,True,9,125.50697326660156,I-FGSM successful
324,7,7,2.0,True,43,594.8167724609375,I-FGSM successful
329,7,7,2.0,True,35,494.00201416015625,I-FGSM successful
334,7,7,9.0,True,41,593.705322265625,I-FGSM successful
370,7,7,5.0,True,31,404.27960205078125,I-FGSM successful
371,7,7,3.0,True,21,302.39544677734375,I-FGSM successful
380,7,7,9.0,True,33,440.43048095703125,I-FGSM successful
382,7,7,9.0,True,27,354.9380187988281,I-FGSM successful
397,7,7,9.0,True,25,350.9985656738281,I-FGSM successful
410,7,7,9.0,True,35,459.1644592285156,I-FGSM successful
426,7,7,0.0,True,37,527.7612915039062,I-FGSM successful
437,7,7,2.0,True,35,455.7170104980469,I-FGSM successful
449,7,7,9.0,True,45,615.1715087890625,I-FGSM successful
451,7,7,2.0,True,13,181.34222412109375,I-FGSM successful
466,7,7,9.0,True,29,417.82891845703125,I-FGSM successful
470,7,7,9.0,True,41,569.5568237304688,I-FGSM successful
472,7,7,3.0,True,37,480.531982421875,I-FGSM successful
478,7,7,5.0,True,31,409.56195068359375,I-FGSM successful
480,7,7,2.0,True,37,486.8161926269531,I-FGSM successful
493,7,7,9.0,True,35,471.8219909667969,I-FGSM successful
502,7,7,9.0,True,29,396.49212646484375,I-FGSM successful
506,7,7,3.0,True,27,358.0223388671875,I-FGSM successful
508,7,7,2.0,True,37,489.6416931152344,I-FGSM successful
519,7,7,3.0,True,51,698.948486328125,I-FGSM successful
522,7,7,3.0,True,41,574.3735961914062,I-FGSM successful
526,7,7,4.0,True,33,422.22625732421875,I-FGSM successful
533,7,7,3.0,True,41,597.4127807617188,I-FGSM successful
535,7,7,4.0,True,21,283.05828857421875,I-FGSM successful
553,7,7,3.0,True,43,602.9005126953125,I-FGSM successful
563,7,7,9.0,True,27,365.71435546875,I-FGSM successful
583,7,7,9.0,True,73,987.0349731445312,I-FGSM successful
593,7,7,9.0,True,45,612.5569458007812,I-FGSM successful
601,7,7,9.0,True,51,692.556884765625,I-FGSM successful
607,7,7,9.0,True,41,554.2337036132812,I-FGSM successful
610,7,7,9.0,True,47,596.5811157226562,I-FGSM successful
612,7,7,9.0,True,37,506.86981201171875,I-FGSM successful
619,7,7,1.0,True,33,387.2957458496094,I-FGSM successful
629,7,7,3.0,True,33,441.17230224609375,I-FGSM successful
632,7,7,9.0,True,41,532.0601196289062,I-FGSM successful
658,7,7,2.0,True,23,330.9425964355469,I-FGSM successful
669,7,7,9.0,True,27,364.1991271972656,I-FGSM successful
674,7,7,3.0,True,33,494.1669616699219,I-FGSM successful
676,7,7,9.0,True,27,353.96893310546875,I-FGSM successful
682,7,7,2.0,True,19,261.0919494628906,I-FGSM successful
683,7,7,3.0,True,33,440.46905517578125,I-FGSM successful
694,7,7,9.0,True,19,256.84625244140625,I-FGSM successful
715,7,7,8.0,True,25,367.3894348144531,I-FGSM successful
734,7,7,9.0,True,37,505.6431579589844,I-FGSM successful
736,7,7,4.0,True,43,566.8095092773438,I-FGSM successful
737,7,7,9.0,True,31,396.3420104980469,I-FGSM successful
740,7,7,2.0,True,29,418.7230529785156,I-FGSM successful
765,7,7,9.0,True,27,351.3502502441406,I-FGSM successful
773,7,7,9.0,True,33,446.1423645019531,I-FGSM successful
782,7,7,3.0,True,29,434.3293762207031,I-FGSM successful
786,7,7,9.0,True,35,461.83221435546875,I-FGSM successful
810,7,7,3.0,True,47,656.181396484375,I-FGSM successful
817,7,7,4.0,True,13,168.99111938476562,I-FGSM successful
834,7,7,9.0,True,37,491.27691650390625,I-FGSM successful
838,7,7,3.0,True,43,609.1444702148438,I-FGSM successful
840,7,7,9.0,True,29,381.0039367675781,I-FGSM successful
849,7,7,2.0,True,9,107.94905853271484,I-FGSM successful
852,7,7,9.0,True,47,602.6997680664062,I-FGSM successful
866,7,7,2.0,True,15,214.6788330078125,I-FGSM successful
13,8,8,1.0,True,63,651.311767578125,I-FGSM successful
40,8,8,2.0,True,51,635.1629638671875,I-FGSM successful
41,8,8,0.0,True,47,601.6992797851562,I-FGSM successful
61,8,8,9.0,True,33,420.5936279296875,I-FGSM successful
88,8,8,2.0,True,71,830.1253051757812,I-FGSM successful
89,8,8,5.0,True,43,469.3516845703125,I-FGSM successful
95,8,8,3.0,True,47,560.8386840820312,I-FGSM successful
102,8,8,0.0,True,47,584.486083984375,I-FGSM successful
119,8,8,3.0,True,57,653.676513671875,I-FGSM successful
123,8,8,2.0,True,55,666.946044921875,I-FGSM successful
150,8,8,2.0,True,39,467.82904052734375,I-FGSM successful
153,8,8,3.0,True,65,804.5986328125,I-FGSM successful
157,8,8,9.0,True,17,218.74642944335938,I-FGSM successful
173,8,8,5.0,True,43,505.616455078125,I-FGSM successful
177,8,8,5.0,True,145,1016.6410522460938,I-FGSM successful
179,8,8,5.0,True,43,540.3628540039062,I-FGSM successful
184,8,8,3.0,True,59,763.6085205078125,I-FGSM successful
188,8,8,9.0,True,15,196.49172973632812,I-FGSM successful
194,8,8,2.0,True,91,1016.4389038085938,I-FGSM successful
206,8,8,9.0,True,41,493.8997802734375,I-FGSM successful
210,8,8,2.0,True,73,921.1509399414062,I-FGSM successful
220,8,8,3.0,True,77,920.6188354492188,I-FGSM successful
226,8,8,9.0,True,19,255.47015380859375,I-FGSM successful
231,8,8,5.0,True,49,545.6033325195312,I-FGSM successful
234,8,8,5.0,True,47,553.8113403320312,I-FGSM successful
238,8,8,6.0,True,19,227.55438232421875,I-FGSM successful
241,8,8,3.0,True,61,682.2103881835938,I-FGSM successful
249,8,8,4.0,True,51,659.0887451171875,I-FGSM successful
250,8,8,5.0,True,71,803.8837280273438,I-FGSM successful
254,8,8,3.0,True,55,651.0007934570312,I-FGSM successful
278,8,8,2.0,True,55,641.5091552734375,I-FGSM successful
294,8,8,3.0,True,83,852.181884765625,I-FGSM successful
296,8,8,5.0,True,45,510.2989196777344,I-FGSM successful
301,8,8,3.0,True,63,687.0968017578125,I-FGSM successful
306,8,8,2.0,True,43,565.2662963867188,I-FGSM successful
320,8,8,9.0,True,61,730.4827270507812,I-FGSM successful
326,8,8,2.0,True,43,517.635009765625,I-FGSM successful
336,8,8,5.0,True,25,309.7918701171875,I-FGSM successful
350,8,8,9.0,True,19,242.51185607910156,I-FGSM successful
360,8,8,3.0,True,73,897.1744384765625,I-FGSM successful
367,8,8,3.0,True,53,631.9121704101562,I-FGSM successful
376,8,8,3.0,True,47,546.5610961914062,I-FGSM successful
388,8,8,2.0,True,81,989.4058837890625,I-FGSM successful
395,8,8,5.0,True,31,396.66864013671875,I-FGSM successful
396,8,8,9.0,True,99,1182.771728515625,I-FGSM successful
413,8,8,6.0,True,65,776.7779541015625,I-FGSM successful
417,8,8,5.0,True,57,676.3919067382812,I-FGSM successful
420,8,8,2.0,True,51,660.014404296875,I-FGSM successful
427,8,8,0.0,True,79,922.79248046875,I-FGSM successful
474,8,8,2.0,True,59,674.3908081054688,I-FGSM successful
486,8,8,9.0,True,49,606.648193359375,I-FGSM successful
498,8,8,2.0,True,41,489.6161804199219,I-FGSM successful
501,8,8,2.0,True,61,713.0224609375,I-FGSM successful
515,8,8,2.0,True,21,258.7083435058594,I-FGSM successful
527,8,8,0.0,True,43,503.59307861328125,I-FGSM successful
536,8,8,3.0,True,59,644.1498413085938,I-FGSM successful
538,8,8,2.0,True,49,620.7833862304688,I-FGSM successful
546,8,8,9.0,True,55,686.2667236328125,I-FGSM successful
557,8,8,5.0,True,55,691.2373046875,I-FGSM successful
570,8,8,3.0,True,67,830.5293579101562,I-FGSM successful
571,8,8,5.0,True,15,180.86459350585938,I-FGSM successful
592,8,8,5.0,True,55,632.6207275390625,I-FGSM successful
594,8,8,9.0,True,29,399.80120849609375,I-FGSM successful
611,8,8,2.0,True,63,723.45556640625,I-FGSM successful
621,8,8,3.0,True,45,565.4697265625,I-FGSM successful
628,8,8,9.0,True,95,1073.6470947265625,I-FGSM successful
633,8,8,2.0,True,83,976.6600952148438,I-FGSM successful
640,8,8,3.0,True,63,738.28515625,I-FGSM successful
659,8,8,2.0,True,47,576.5361938476562,I-FGSM successful
666,8,8,2.0,True,49,577.5975952148438,I-FGSM successful
672,8,8,3.0,True,69,824.6253662109375,I-FGSM successful
686,8,8,5.0,True,43,546.695556640625,I-FGSM successful
698,8,8,6.0,True,19,238.68389892578125,I-FGSM successful
700,8,8,9.0,True,41,507.8503723144531,I-FGSM successful
717,8,8,3.0,True,43,581.40087890625,I-FGSM successful
721,8,8,3.0,True,25,311.85894775390625,I-FGSM successful
762,8,8,2.0,True,63,730.6141357421875,I-FGSM successful
772,8,8,1.0,True,51,576.8101806640625,I-FGSM successful
785,8,8,2.0,True,49,598.7002563476562,I-FGSM successful
800,8,8,2.0,True,49,621.3775024414062,I-FGSM successful
814,8,8,3.0,True,79,840.2303466796875,I-FGSM successful
815,8,8,3.0,True,53,655.3419189453125,I-FGSM successful
841,8,8,3.0,True,77,804.9378662109375,I-FGSM successful
847,8,8,2.0,True,73,853.2162475585938,I-FGSM successful
858,8,8,6.0,True,39,492.7615966796875,I-FGSM successful
862,8,8,9.0,True,39,492.97869873046875,I-FGSM successful
868,8,8,9.0,True,45,514.9271850585938,I-FGSM successful
876,8,8,2.0,True,69,791.0341186523438,I-FGSM successful
908,8,8,2.0,True,55,611.4474487304688,I-FGSM successful
926,8,8,2.0,True,93,1079.887939453125,I-FGSM successful
934,8,8,6.0,True,57,683.3681030273438,I-FGSM successful
943,8,8,2.0,True,57,672.3064575195312,I-FGSM successful
947,8,8,3.0,True,43,507.5155029296875,I-FGSM successful
948,8,8,2.0,True,59,679.7970581054688,I-FGSM successful
953,8,8,2.0,True,95,1052.4423828125,I-FGSM successful
954,8,8,3.0,True,43,505.9664001464844,I-FGSM successful
962,8,8,3.0,True,33,426.7341003417969,I-FGSM successful
963,8,8,3.0,True,49,556.7261352539062,I-FGSM successful
966,8,8,9.0,True,47,531.805419921875,I-FGSM successful
980,8,8,2.0,True,43,545.5364379882812,I-FGSM successful
3,9,9,7.0,True,67,706.09912109375,I-FGSM successful
27,9,9,3.0,True,61,836.666015625,I-FGSM successful
36,9,9,8.0,True,29,405.51324462890625,I-FGSM successful
42,9,9,4.0,True,51,617.8810424804688,I-FGSM successful
48,9,9,4.0,True,41,438.69122314453125,I-FGSM successful
59,9,9,3.0,True,31,372.1222839355469,I-FGSM successful
60,9,9,3.0,True,7,88.8200454711914,I-FGSM successful
65,9,9,3.0,True,39,522.333251953125,I-FGSM successful
101,9,9,7.0,True,13,160.648681640625,I-FGSM successful
105,9,9,0.0,True,29,403.0657653808594,I-FGSM successful
128,9,9,4.0,True,63,784.7503051757812,I-FGSM successful
138,9,9,8.0,True,31,437.141845703125,I-FGSM successful
140,9,9,8.0,True,45,619.6273193359375,I-FGSM successful
142,9,9,5.0,True,45,611.8193969726562,I-FGSM successful
160,9,9,4.0,True,33,408.1249694824219,I-FGSM successful
178,9,9,7.0,True,33,424.9929504394531,I-FGSM successful
212,9,9,8.0,True,47,615.3828125,I-FGSM successful
222,9,9,8.0,True,19,241.4663543701172,I-FGSM successful
225,9,9,5.0,True,47,633.3932495117188,I-FGSM successful
233,9,9,8.0,True,55,752.4420166015625,I-FGSM successful
253,9,9,7.0,True,47,581.6201782226562,I-FGSM successful
260,9,9,8.0,True,39,546.1071166992188,I-FGSM successful
264,9,9,8.0,True,47,643.1539306640625,I-FGSM successful
265,9,9,4.0,True,57,702.4478759765625,I-FGSM successful
267,9,9,3.0,True,25,328.5087585449219,I-FGSM successful
280,9,9,5.0,True,43,585.1435546875,I-FGSM successful
291,9,9,8.0,True,25,359.7373962402344,I-FGSM successful
299,9,9,4.0,True,29,394.28289794921875,I-FGSM successful
307,9,9,4.0,True,25,317.87890625,I-FGSM successful
318,9,9,8.0,True,35,439.6873779296875,I-FGSM successful
319,9,9,7.0,True,37,424.5444641113281,I-FGSM successful
330,9,9,7.0,True,5,56.964900970458984,I-FGSM successful
341,9,9,4.0,True,57,688.9869384765625,I-FGSM successful
345,9,9,5.0,True,47,565.3300170898438,I-FGSM successful
353,9,9,8.0,True,55,714.249267578125,I-FGSM successful
374,9,9,8.0,True,35,446.54339599609375,I-FGSM successful
404,9,9,4.0,True,33,445.06854248046875,I-FGSM successful
406,9,9,8.0,True,27,370.3984375,I-FGSM successful
414,9,9,4.0,True,13,149.3050537109375,I-FGSM successful
439,9,9,4.0,True,43,595.1781005859375,I-FGSM successful
445,9,9,7.0,True,25,311.7162170410156,I-FGSM successful
446,9,9,4.0,True,25,320.2139892578125,I-FGSM successful
468,9,9,8.0,True,45,554.5664672851562,I-FGSM successful
473,9,9,4.0,True,29,391.8520202636719,I-FGSM successful
513,9,9,7.0,True,37,452.8465576171875,I-FGSM successful
529,9,9,4.0,True,25,340.0691223144531,I-FGSM successful
539,9,9,4.0,True,49,553.5015869140625,I-FGSM successful
540,9,9,4.0,True,43,527.3679809570312,I-FGSM successful
562,9,9,7.0,True,51,629.653076171875,I-FGSM successful
565,9,9,8.0,True,23,301.3519592285156,I-FGSM successful
569,9,9,3.0,True,37,453.6066589355469,I-FGSM successful
582,9,9,0.0,True,35,438.8667297363281,I-FGSM successful
588,9,9,4.0,True,31,400.2586669921875,I-FGSM successful
614,9,9,8.0,True,51,672.6923217773438,I-FGSM successful
620,9,9,8.0,True,31,444.66168212890625,I-FGSM successful
639,9,9,4.0,True,65,835.5465087890625,I-FGSM successful
645,9,9,7.0,True,33,428.8403015136719,I-FGSM successful
647,9,9,7.0,True,31,373.21173095703125,I-FGSM successful
649,9,9,7.0,True,17,213.0586700439453,I-FGSM successful
673,9,9,7.0,True,67,794.2562255859375,I-FGSM successful
684,9,9,3.0,True,17,210.9620819091797,I-FGSM successful
688,9,9,2.0,True,21,275.0981750488281,I-FGSM successful
690,9,9,5.0,True,49,636.0557861328125,I-FGSM successful
699,9,9,7.0,True,19,247.7175750732422,I-FGSM successful
705,9,9,8.0,True,33,466.4611511230469,I-FGSM successful
706,9,9,7.0,True,49,578.3900146484375,I-FGSM successful
711,9,9,4.0,True,31,381.79443359375,I-FGSM successful
724,9,9,4.0,True,55,667.355224609375,I-FGSM successful
730,9,9,0.0,True,3,35.7071418762207,I-FGSM successful
731,9,9,4.0,True,19,244.8346405029297,I-FGSM successful
748,9,9,7.0,True,31,402.45123291015625,I-FGSM successful
751,9,9,8.0,True,65,837.118896484375,I-FGSM successful
752,9,9,4.0,True,33,445.17974853515625,I-FGSM successful
753,9,9,3.0,True,35,451.15740966796875,I-FGSM successful
842,9,9,0.0,True,41,535.1710205078125,I-FGSM successful
845,9,9,8.0,True,47,631.1426391601562,I-FGSM successful
870,9,9,3.0,True,21,277.4058532714844,I-FGSM successful
873,9,9,4.0,True,53,641.8029174804688,I-FGSM successful
889,9,9,3.0,True,19,256.7508544921875,I-FGSM successful
898,9,9,8.0,True,29,398.03643798828125,I-FGSM successful
912,9,9,8.0,True,41,565.2813720703125,I-FGSM successful
921,9,9,5.0,True,47,650.199951171875,I-FGSM successful
935,9,9,4.0,True,43,536.42333984375,I-FGSM successful
937,9,9,4.0,True,45,542.2545776367188,I-FGSM successful
941,9,9,4.0,True,47,595.2890014648438,I-FGSM successful
973,9,9,4.0,True,65,783.0325927734375,I-FGSM successful
974,9,9,4.0,True,61,762.0708618164062,I-FGSM successful
979,9,9,8.0,True,47,650.8617553710938,I-FGSM successful
988,9,9,7.0,True,51,632.71240234375,I-FGSM successful
1003,9,9,3.0,True,37,483.7117004394531,I-FGSM successful
1011,9,9,4.0,True,31,399.1077575683594,I-FGSM successful
1018,9,9,3.0,True,31,405.45654296875,I-FGSM successful
1024,9,9,3.0,True,29,390.01409912109375,I-FGSM successful
1029,9,9,7.0,True,41,522.7733764648438,I-FGSM successful
1032,9,9,8.0,True,25,367.2152099609375,I-FGSM successful
1040,9,9,8.0,True,49,610.9647827148438,I-FGSM successful
1053,9,9,8.0,True,35,468.3417663574219,I-FGSM successful
1062,9,9,4.0,True,31,406.2388610839844,I-FGSM successful
1066,9,9,4.0,True,31,399.6435852050781,I-FGSM successful
1092,9,9,5.0,True,35,445.6074523925781,I-FGSM successful
